{"cameraMode":{"drawMode":0,"name":"Shaded","section":"Shading Mode"},"sceneLighting":false,"audioPlay":false,"sceneViewState":{"showFog":true,"showMaterialUpdate":true,"showSkybox":false,"showFlares":true,"showImageEffects":true,"showParticleSystems":true},"in2DMode":false,"pivot":{"x":0.1537894606590271,"y":-0.30043673515319826,"z":0.116801917552948},"rotation":{"x":0.2911685109138489,"y":-0.1343187391757965,"z":0.0413290411233902,"w":0.9462941884994507},"size":0.470096230506897,"orthographic":false}