{"cameraMode":{"drawMode":0,"name":"Shaded","section":"Shading Mode"},"sceneLighting":true,"audioPlay":false,"sceneViewState":{"showFog":true,"showMaterialUpdate":true,"showSkybox":true,"showFlares":true,"showImageEffects":true,"showParticleSystems":true},"in2DMode":false,"pivot":{"x":-10.130138397216797,"y":1.4879072904586793,"z":-6.190500259399414},"rotation":{"x":0.04564233496785164,"y":-0.18914522230625153,"z":0.008801554329693318,"w":0.9808486700057983},"size":10.0,"orthographic":false}